Archivo;Ancho px;Alto px;Origen/calidad;Tratamiento
american-rocket-100-isolated-protein-1kg-49-50-eur.png;1254;1254;Alta resolución actual (web);Sin reescalado
american-rocket-100-isolated-protein-2kg-89-90-eur.png;1254;1254;Alta resolución actual (web);Sin reescalado
american-rocket-100-whey-protein-1kg-39-90-eur.png;1254;1254;Alta resolución actual (web);Sin reescalado
american-rocket-100-whey-protein-2kg-74-90-eur.png;1254;1254;Alta resolución actual (web);Sin reescalado
american-rocket-anabol-pro-90-caps-39-90-eur.png;1254;1254;Alta resolución actual (web);Sin reescalado
american-rocket-creatina-creapure-500g-44-90-eur.png;1254;1254;Alta resolución actual (web);Sin reescalado
american-rocket-diurex-xt-120-caps-34-90-eur.png;1254;1254;Alta resolución actual (web);Sin reescalado
american-rocket-bcaa-2-1-1-glutamina-500g-39-90-eur.png;1254;1254;Alta resolución actual (web);Sin reescalado
american-rocket-f-22-raptor-pre-workout-400g-39-90-eur.png;1254;1254;Alta resolución actual (web);Sin reescalado
american-rocket-colageno-400g-29-90-eur.png;1254;1254;Alta resolución actual (web);Sin reescalado
american-rocket-harina-de-avena-oatmeal-1kg-6-50-eur.png;1024;1024;Alta resolución actual (web);Sin reescalado
american-rocket-volcano-burn-90-caps-37-90-eur.png;1254;1254;Alta resolución actual (web);Sin reescalado
american-rocket-super-omega-3-35-25-90-perlas-28-90-eur.png;1254;1254;Alta resolución actual (web);Sin reescalado
american-rocket-magnesium-vitamin-b6-100-caps-17-90-eur.png;1254;1254;Alta resolución actual (web);Sin reescalado
american-rocket-daily-one-60-caps-18-90-eur.png;1024;1024;Alta resolución actual (web);Sin reescalado
american-rocket-l-carnitine-2000-90-caps-24-90-eur.png;1254;1254;Alta resolución actual (web);Sin reescalado
american-rocket-l-carnitine-3000-20-x-25ml-34-90-eur.png;1254;1254;Alta resolución actual (web);Sin reescalado
american-rocket-map-500g-54-90-eur.png;1254;1254;Alta resolución actual (web);Sin reescalado
american-rocket-nac-120-caps-23-90-eur.png;1024;1024;Alta resolución actual (web);Sin reescalado
american-rocket-vitamin-c-1000-100-caps-24-90-eur.png;1254;1254;Alta resolución actual (web);Sin reescalado
american-rocket-creatina-micronizada-500g-34-90-eur.png;1254;1254;PDF original 375x462 mejorado;"Reescalado conservador; no inventa detalle"
american-rocket-l-carnitine-3000-liquid-500ml-29-90-eur.png;1254;1254;PDF original 259x392 mejorado;"Reescalado conservador; no inventa detalle"
american-rocket-50-50-pure-hybrid-SIN-PRECIO-EN-EXCEL.png;1254;1254;PDF original 386x472 mejorado;SIN PRECIO EN EXCEL
american-rocket-american-cookies-SIN-PRECIO-EN-EXCEL.png;1254;1254;PDF original 551x587 mejorado;SIN PRECIO EN EXCEL
american-rocket-l-glutamine-micronized-SIN-PRECIO-EN-EXCEL.png;1254;1254;PDF original 829x1012 mejorado;SIN PRECIO EN EXCEL
american-rocket-recovery-start-SIN-PRECIO-EN-EXCEL.png;1254;1254;PDF original 380x467 mejorado;SIN PRECIO EN EXCEL
american-rocket-titan-mass-SIN-PRECIO-EN-EXCEL.png;1254;1254;PDF original 495x495 mejorado;SIN PRECIO EN EXCEL
